{
 "intelligent_raster_processing_workflow": {
   "description": "Smart routing for multi-TIFF processing with STAC-first validation",
   "version": "3.0.0",
   "last_updated": "2025-01-24",
   
   "workflow_phases": {
     "phase_1_stac_registration": {
       "description": "Extract metadata and register in STAC before any processing",
       "priority": "MANDATORY - blocks all other operations",
       "steps": [
         {
           "step": "extract_metadata",
           "action": "Read TIFF headers without downloading full file",
           "method": "GDAL VSI for cloud files (/vsiaz/)",
           "extracts": ["bounds", "crs", "resolution", "bands", "dtype", "size_mb", "pixel_dimensions"]
         },
         {
           "step": "create_stac_item",
           "action": "Generate STAC Item from metadata",
           "includes": ["geometry", "bbox", "properties", "assets", "datetime"]
         },
         {
           "step": "insert_to_postgis",
           "action": "Store STAC Item with PostGIS geometry",
           "table": "stac_items",
           "geometry_column": "geom (Polygon, 4326)"
         },
         {
           "step": "validate_stac_entry",
           "action": "Confirm STAC Item properly inserted",
           "validates": ["geometry is valid", "required fields present", "bbox matches geometry"]
         }
       ],
       "outputs": {
         "stac_ids": ["Array of STAC Item IDs"],
         "validation_passed": "boolean",
         "metadata_summary": "Combined statistics for decision making"
       }
     },
     
     "phase_2_spatial_analysis": {
       "description": "Use PostGIS to analyze spatial relationships",
       "requires": "All STAC Items registered",
       "postgis_queries": {
         "check_adjacency": {
           "description": "Determine if files are spatially related",
           "query": "ST_Intersects() or ST_Touches() or ST_DWithin(geom, 0.01)",
           "result": "adjacency_matrix"
         },
         "check_overlap": {
           "description": "Determine overlap percentage",
           "query": "ST_Area(ST_Intersection(a.geom, b.geom)) / ST_Area(a.geom)",
           "result": "overlap_percentage"
         },
         "calculate_coverage": {
           "description": "Get total coverage area and bounding box",
           "query": "ST_Envelope(ST_Union(geom))",
           "result": "combined_bbox"
         },
         "detect_gaps": {
           "description": "Find holes in coverage",
           "query": "ST_Difference(ST_ConvexHull(ST_Collect(geom)), ST_Union(geom))",
           "result": "gap_polygons"
         }
       },
       "decision_outputs": {
         "spatial_relationship": "adjacent|overlapping|scattered|identical",
         "should_merge": "boolean based on spatial proximity",
         "coverage_area_sqkm": "total area covered",
         "optimal_tile_grid": "calculated grid for tiling if needed"
       }
     },
     
     "phase_3_strategy_classification": {
       "description": "Determine processing strategy based on STAC metadata and spatial analysis",
       "inputs": {
         "file_metadata": "From STAC Items",
         "spatial_analysis": "From PostGIS queries",
         "job_parameters": "User preferences if any"
       },
       "classification_rules": {
         "monster_files_to_tiles": {
           "conditions": [
             "ANY file > 10GB OR total_size > 40GB",
             "spatial_relationship IN ['adjacent', 'overlapping']",
             "coverage_area > 1000 sqkm"
           ],
           "strategy": "GRID_TILE",
           "parameters": {
             "tile_size_km": 10,
             "target_file_size_mb": 2000,
             "overlap_pixels": 128
           }
         },
         "optimal_separate_cogs": {
           "conditions": [
             "ALL files between 500MB and 4GB",
             "spatial_relationship IN ['scattered', 'adjacent']",
             "no significant overlap"
           ],
           "strategy": "KEEP_SEPARATE",
           "parameters": {
             "process_independently": true,
             "maintain_original_bounds": true
           }
         },
         "small_files_merge": {
           "conditions": [
             "ALL files < 500MB",
             "total_size < 4GB",
             "spatial_relationship IN ['adjacent', 'overlapping']",
             "gap_percentage < 10"
           ],
           "strategy": "MERGE_TO_SINGLE",
           "parameters": {
             "merge_method": "VRT_TO_COG",
             "fill_gaps": false
           }
         },
         "mixed_size_intelligent": {
           "conditions": [
             "Mixed file sizes",
             "Some spatial relationship exists"
           ],
           "strategy": "HYBRID",
           "parameters": {
             "group_by_proximity": true,
             "size_threshold_mb": 500
           }
         }
       }
     },
     
     "phase_4_task_generation": {
       "description": "Generate task sequence based on chosen strategy",
       "strategy_implementations": {
         "GRID_TILE": {
           "task_sequence": [
             {
               "task_type": "calculate_tile_grid",
               "description": "Use PostGIS to create optimal grid",
               "uses": "ST_SquareGrid() or ST_HexagonGrid()",
               "output": "tile_definitions"
             },
             {
               "task_type": "process_tile",
               "description": "Extract and process one tile",
               "parallel": true,
               "count": "N tiles (potentially hundreds)",
               "per_task_timeout": 240
             },
             {
               "task_type": "validate_tile",
               "description": "Validate each tile output",
               "parallel": true
             },
             {
               "task_type": "update_stac_collection",
               "description": "Register tile collection in STAC"
             }
           ],
           "expected_outputs": {
             "file_count": "50-500 tiles",
             "file_size": "~2GB each",
             "structure": "tile_x{x}_y{y}.cog"
           }
         },
         
         "KEEP_SEPARATE": {
           "task_sequence": [
             {
               "task_type": "validate_and_reproject",
               "description": "Standardize each file to EPSG:4326",
               "parallel": true,
               "count": "One per input file"
             },
             {
               "task_type": "create_cog",
               "description": "Convert each to COG independently",
               "parallel": true
             },
             {
               "task_type": "validate_output",
               "description": "Validate each COG",
               "parallel": true
             },
             {
               "task_type": "update_stac_items",
               "description": "Update STAC with final locations"
             }
           ],
           "expected_outputs": {
             "file_count": "Same as input",
             "file_size": "500MB-4GB each",
             "structure": "Keep original names, add .cog"
           }
         },
         
         "MERGE_TO_SINGLE": {
           "task_sequence": [
             {
               "task_type": "validate_and_reproject",
               "description": "Standardize all files to EPSG:4326",
               "parallel": true,
               "count": "One per input file"
             },
             {
               "task_type": "build_vrt",
               "description": "Create virtual mosaic",
               "parallel": false,
               "requires": "All reprojects complete"
             },
             {
               "task_type": "create_merged_cog",
               "description": "Generate single COG from VRT",
               "parallel": false,
               "timeout": 300
             },
             {
               "task_type": "validate_merged_output",
               "description": "Validate final merged COG"
             },
             {
               "task_type": "update_stac_item",
               "description": "Single STAC Item for merged result"
             }
           ],
           "expected_outputs": {
             "file_count": 1,
             "file_size": "< 4GB",
             "structure": "merged_output.cog"
           }
         },
         
         "HYBRID": {
           "task_sequence": [
             {
               "task_type": "group_by_proximity",
               "description": "Use PostGIS to cluster files",
               "uses": "ST_ClusterKMeans() or custom proximity logic"
             },
             {
               "task_type": "process_groups",
               "description": "Apply appropriate strategy per group",
               "recursive": true,
               "applies": "MERGE_TO_SINGLE or KEEP_SEPARATE per group"
             }
           ]
         }
       }
     },
     
     "phase_5_validation": {
       "description": "Final validation for all strategies",
       "validation_checks": {
         "stac_consistency": {
           "description": "Ensure STAC matches actual outputs",
           "query": "Compare STAC assets with blob storage",
           "critical": true
         },
         "spatial_completeness": {
           "description": "Verify no data lost in processing",
           "method": "PostGIS comparison of input vs output coverage",
           "query": "ST_Equals(ST_Union(input_geoms), ST_Union(output_geoms))"
         },
         "file_validity": {
           "description": "Each output is valid COG",
           "method": "gdal_info and COG validation"
         },
         "naming_convention": {
           "description": "Clean names without suffixes",
           "removes": ["_R1C1", "_merged", "_0001"]
         }
       }
     }
   },
   
   "decision_thresholds": {
     "file_sizes": {
       "small": "< 500MB",
       "optimal": "500MB - 4GB",
       "large": "4GB - 10GB",
       "monster": "> 10GB"
     },
     "spatial_proximity": {
       "adjacent": "Borders touch or < 1km gap",
       "overlapping": "> 5% overlap",
       "scattered": "> 10km apart",
       "unrelated": "Different CRS or resolution"
     },
     "processing_limits": {
       "max_files_to_merge": 100,
       "max_merge_size_gb": 4,
       "max_tile_count": 1000,
       "min_tile_size_mb": 100,
       "max_tile_size_mb": 4000
     }
   },
   
   "stac_integration": {
     "tables": {
       "stac_items": {
         "description": "Individual STAC Items with PostGIS geometry",
         "key_columns": [
           "id UUID PRIMARY KEY",
           "collection_id TEXT",
           "geometry GEOMETRY(Polygon, 4326)",
           "properties JSONB",
           "assets JSONB",
           "datetime TIMESTAMPTZ"
         ],
         "indexes": [
           "GIST on geometry",
           "GIN on properties",
           "BTREE on collection_id"
         ]
       },
       "stac_collections": {
         "description": "STAC Collections for grouped items",
         "key_columns": [
           "id TEXT PRIMARY KEY",
           "extent JSONB",
           "summaries JSONB"
         ]
       }
     },
     "postgis_functions": {
       "find_adjacent_items": "ST_Touches(a.geometry, b.geometry)",
       "calculate_overlap": "ST_Intersection(a.geometry, b.geometry)",
       "get_combined_extent": "ST_Extent(geometry)",
       "check_coverage_gaps": "ST_Difference(convex_hull, union_geom)"
     }
   },
   
   "job_state_transitions": {
     "INITIALIZED": "Job received",
     "STAC_REGISTRATION": "Extracting and storing metadata",
     "SPATIAL_ANALYSIS": "Analyzing relationships via PostGIS",
     "STRATEGY_SELECTION": "Choosing processing strategy",
     "TASK_GENERATION": "Creating task sequence",
     "PROCESSING": "Executing tasks",
     "VALIDATION": "Verifying outputs",
     "STAC_UPDATE": "Updating STAC with results",
     "COMPLETED": "All done"
   },
   
   "error_recovery": {
     "stac_registration_failed": {
       "action": "Retry with increased timeout",
       "fallback": "Skip spatial analysis, use size-based strategy only"
     },
     "spatial_analysis_failed": {
       "action": "Proceed with conservative strategy",
       "fallback": "Process each file independently"
     },
     "processing_failed": {
       "action": "Resume from last completed task",
       "checkpoint": "Task-level state in Table Storage"
     }
   },
   
   "example_scenarios": {
     "drone_survey": {
       "input": "Four 50GB drone orthophotos of adjacent areas",
       "stac_result": "4 Items showing adjacent coverage",
       "spatial_analysis": "Adjacent with <1% overlap",
       "strategy": "GRID_TILE",
       "output": "400 x 2GB COG tiles in 20km x 20km grid"
     },
     "satellite_mosaic": {
       "input": "Four 200MB Sentinel-2 tiles",
       "stac_result": "4 Items showing adjacent tiles",
       "spatial_analysis": "Perfect adjacency, no gaps",
       "strategy": "MERGE_TO_SINGLE",
       "output": "Single 800MB COG"
     },
     "scattered_imagery": {
       "input": "Four 1GB images from different cities",
       "stac_result": "4 Items showing scattered locations",
       "spatial_analysis": "No spatial relationship",
       "strategy": "KEEP_SEPARATE",
       "output": "Four independent 1GB COGs"
     }
   }
 }
}