{
  "project_name": "Geospatial Dashboard - Static Web App + Azure Functions",
  "overview": {
    "description": "Static website with Leaflet map integration for Azure Functions geospatial pipeline",
    "architecture": "Static Website (Azure Storage) → CORS → Azure Functions API → Queue Processing",
    "cost_estimate": "$0.02/month for static hosting + existing Function App costs"
  },

  "azure_resources": {
    "existing": {
      "function_app": {
        "name": "rmhgeoapiqfn-h3dza4gyffbsbre7",
        "url": "https://rmhgeoapiqfn-h3dza4gyffbsbre7.eastus-01.azurewebsites.net",
        "auth_level": "ANONYMOUS",
        "managed_identity": "enabled",
        "storage_roles": [
          "Storage Queue Data Contributor",
          "Storage Table Data Contributor", 
          "Storage Blob Data Contributor"
        ]
      },
      "storage_account": {
        "name": "rmhazuregeo",
        "static_website_url": "https://rmhazuregeo.z13.web.core.windows.net"
      }
    },
    "new_requirements": {
      "static_website_hosting": {
        "enable": true,
        "index_document": "index.html",
        "error_document": "404.html"
      },
      "cors_configuration": {
        "function_app_cors": [
          "https://rmhazuregeo.z13.web.core.windows.net",
          "http://localhost:3000"
        ]
      },
      "optional_app_registration": {
        "for_entra_auth": {
          "display_name": "Geospatial Dashboard SPA",
          "type": "Single Page Application",
          "redirect_uri": "https://rmhazuregeo.z13.web.core.windows.net"
        }
      }
    }
  },

  "implementation_steps": {
    "step_1_enable_static_hosting": {
      "description": "Enable static website hosting on storage account",
      "azure_cli": [
        "az storage blob service-properties update \\",
        "  --account-name rmhazuregeo \\",
        "  --static-website \\",
        "  --index-document index.html \\",
        "  --404-document 404.html"
      ],
      "azure_portal": [
        "Storage Account → Static website → Enabled",
        "Index document name: index.html",
        "Error document path: 404.html"
      ]
    },
    "step_2_configure_cors": {
      "description": "Allow static website to call Function App",
      "azure_cli": [
        "az functionapp cors add \\",
        "  --name rmhgeoapiqfn-h3dza4gyffbsbre7 \\",
        "  --resource-group your-resource-group \\",
        "  --allowed-origins 'https://rmhazuregeo.z13.web.core.windows.net'"
      ],
      "azure_portal": [
        "Function App → CORS → Add 'https://rmhazuregeo.z13.web.core.windows.net'"
      ]
    },
    "step_3_create_files": {
      "description": "Create static website files",
      "file_structure": {
        "static-website/": {
          "index.html": "Main dashboard HTML",
          "dashboard.js": "JavaScript with map and API integration", 
          "404.html": "Error page",
          "assets/": {
            "custom.css": "Additional styles",
            "logo.png": "Optional branding"
          }
        }
      }
    },
    "step_4_deploy_files": {
      "description": "Upload files to storage account",
      "azure_cli": [
        "az storage blob upload-batch \\",
        "  --account-name rmhazuregeo \\",
        "  --destination '$web' \\",
        "  --source ./static-website \\",
        "  --auth-mode login"
      ],
      "azure_portal": [
        "Storage Account → Containers → $web → Upload files"
      ]
    },
    "step_5_test_integration": {
      "description": "Test static website calls to Function App",
      "test_url": "https://rmhazuregeo.z13.web.core.windows.net",
      "verify": [
        "Static website loads",
        "Can call /api/health endpoint",
        "Can submit jobs and check status",
        "Map displays correctly"
      ]
    }
  },

  "file_templates": {
    "index_html": {
      "description": "Main dashboard HTML with Leaflet map integration",
      "features": [
        "Leaflet map for geospatial visualization",
        "Function App configuration panel",
        "Job submission interface",
        "Layer management controls",
        "Real-time job status updates"
      ],
      "external_dependencies": [
        "https://unpkg.com/leaflet@1.9.4/dist/leaflet.css",
        "https://unpkg.com/leaflet@1.9.4/dist/leaflet.js"
      ],
      "grid_layout": {
        "sidebar": "350px wide - controls and status",
        "map": "Remaining space - full height map"
      }
    },
    "dashboard_js": {
      "description": "JavaScript class for dashboard functionality",
      "main_class": "GeospatialDashboard",
      "features": [
        "Map initialization with base layers",
        "Function App API integration",
        "Job submission with map bbox",
        "Automatic result visualization",
        "Layer toggle controls",
        "Job status polling",
        "TiTiler COG integration",
        "Vector data display",
        "STAC catalog browsing"
      ],
      "api_endpoints": {
        "health": "GET /api/health",
        "submit_job": "POST /api/jobs",
        "job_status": "GET /api/jobs/{job_id}",
        "functions_list": "GET /api/functions",
        "vector_data": "GET /api/vector/{job_id}",
        "stac_collections": "GET /api/stac/collections",
        "titiler_tiles": "GET /api/titiler/cog/tiles/{z}/{x}/{y}?url={cog_url}"
      }
    }
  },

  "authentication_options": {
    "option_1_anonymous": {
      "description": "Current setup - no authentication required",
      "pros": [
        "Simple to implement",
        "No additional configuration",
        "Works immediately"
      ],
      "cons": [
        "No user tracking",
        "No access control",
        "Open to public access"
      ],
      "implementation": "Already configured - AuthLevel.ANONYMOUS"
    },
    "option_2_function_keys": {
      "description": "Use Azure Function host keys for API access",
      "pros": [
        "Simple API key authentication",
        "Easy to revoke/rotate",
        "No user identity needed"
      ],
      "cons": [
        "Shared key for all users",
        "No granular permissions",
        "Key exposed in browser"
      ],
      "implementation": {
        "function_app": "Change AuthLevel to FUNCTION",
        "javascript": "Add x-functions-key header to requests"
      }
    },
    "option_3_entra_id": {
      "description": "Full Azure AD authentication with user identity",
      "pros": [
        "Enterprise-grade security",
        "User-based permissions",
        "Audit trail",
        "MFA/conditional access"
      ],
      "cons": [
        "More complex setup",
        "Requires user sign-in",
        "Additional JavaScript library (MSAL.js)"
      ],
      "implementation": {
        "app_registration": "Create SPA app registration",
        "function_app": "Configure Easy Auth",
        "javascript": "Integrate MSAL.js for token acquisition"
      }
    }
  },

  "integration_with_existing_pipeline": {
    "job_submission_flow": {
      "1": "User draws bbox on map",
      "2": "JavaScript calls POST /api/jobs with operation_type and bbox", 
      "3": "Function App generates job_id and queues message",
      "4": "Queue trigger processes job via ServiceFactory",
      "5": "Job status updates in Table Storage",
      "6": "Dashboard polls for completion",
      "7": "Completed results auto-load on map"
    },
    "supported_operations": [
      "cog_conversion - Convert imagery to COG format",
      "vector_processing - Process vector data in PostGIS",
      "stac_generation - Generate STAC metadata"
    ],
    "visualization_capabilities": {
      "cogs": "Display via TiTiler tile service",
      "vectors": "Load as GeoJSON layers",
      "stac_items": "Browse spatially as map rectangles",
      "job_areas": "Show processing bbox on map"
    }
  },

  "development_workflow": {
    "local_development": {
      "static_files": "Serve locally with live-server or similar",
      "function_app": "Use existing deployed Function App",
      "cors": "Add http://localhost:3000 to Function App CORS"
    },
    "deployment": {
      "automated": "Create deploy-dashboard.sh script for batch upload",
      "manual": "Upload via Azure Portal Storage Explorer",
      "ci_cd": "Integrate with GitHub Actions for automatic deployment"
    }
  },

  "monitoring_and_debugging": {
    "function_app_logs": "Monitor → Application Insights",
    "static_website_logs": "Browser developer console",
    "network_requests": "Check CORS errors in browser network tab",
    "job_processing": "Check poison queue for failed jobs"
  },

  "future_enhancements": {
    "custom_domain": "Configure custom domain for static website",
    "cdn_integration": "Add Azure CDN for global performance",
    "progressive_web_app": "Add PWA manifest for mobile app experience",
    "real_time_updates": "SignalR integration for live job updates",
    "advanced_visualization": "3D terrain visualization with Cesium.js",
    "batch_operations": "Multi-file upload and processing",
    "data_export": "Download processed results",
    "user_preferences": "Save map state and preferences"
  },

  "cost_optimization": {
    "static_hosting": "$0.02/month for typical usage",
    "function_app": "Existing consumption plan costs",
    "storage_requests": "Minimal additional cost for file serving",
    "bandwidth": "First 5GB/month free, then $0.09/GB"
  },

  "security_considerations": {
    "cors_configuration": "Restrict to specific domains only",
    "function_app_access": "Consider authentication based on sensitivity",
    "api_rate_limiting": "Implement if needed for public access",
    "data_access": "Ensure appropriate access controls on storage"
  },

  "quick_start_checklist": [
    "✅ Enable static website hosting on rmhazuregeo storage account",
    "✅ Add CORS origin to rmhgeoapiqfn Function App", 
    "✅ Create index.html with Leaflet map integration",
    "✅ Create dashboard.js with API integration",
    "✅ Upload files to $web container",
    "✅ Test static website at https://rmhazuregeo.z13.web.core.windows.net",
    "✅ Verify Function App API calls work from browser",
    "✅ Test job submission and status checking",
    "✅ Verify map visualization of results"
  ]
}

